var_strain,no_var_strain_match,species,gene_var_strain,variant_var_strain
ECA2115,ECA1657,briggsae,ben-1,Q94K
ECA2299,BRC20246,briggsae,ben-1,S218L
EG6271,EG6260,briggsae,ben-1,R359H
JU1346,NIC1667,briggsae,ben-1,V91
NIC1052,EG6267,briggsae,ben-1,Q134H
NIC1645,NIC1667,briggsae,ben-1,S218L
NIC828,NIC827,briggsae,ben-1,M299V
PE887,ECA2425,briggsae,ben-1,W21*
QG4097,QG2908,briggsae,ben-1,D128E
QG4233,JU1348,briggsae,ben-1,D128E
VT847,ECA2667,briggsae,ben-1,Q94K
,JU2472,briggsae,ben-1,
,QG4070,briggsae,ben-1,
BRC20238,BRC20232,briggsae,tbb-1,T35A
ECA163,ECA276,briggsae,tbb-1,L3771
NIC248,NIC532,briggsae,tbb-1,V64I
QR25,JU3416,briggsae,tbb-1,L3771
XZ1213,XZ1731,briggsae,tbb-1,A275T
,VX0034,briggsae,tbb-1,
BRC20092,BRC20094,briggsae,tbb-2,E441A